[{
  "_id": {
    "$oid": "64f780d3d2eb9f5d6ddc8b47"
  },
  "name": "Biopsija",
  "length": "15",
  "price": "1500",
  "specialization": "Onkologija",
  "approved": true,
  "deleted": false,
  "__v": 0
},
{
  "_id": {
    "$oid": "64f86f6977a849171f67fa0b"
  },
  "name": "Ultrazvucna Dijagnositka",
  "length": "30",
  "price": "20000",
  "specialization": "Kardiologija",
  "approved": true,
  "deleted": false,
  "__v": 0
},
{
  "_id": {
    "$oid": "64f86f7a77a849171f67fa0e"
  },
  "name": "Postavljanje EKG-a",
  "length": "30",
  "price": "0",
  "specialization": "Kardiologija",
  "approved": true,
  "deleted": false,
  "__v": 0
},
{
  "_id": {
    "$oid": "64f86f8177a849171f67fa11"
  },
  "name": "Skidanje EKG-a",
  "length": "30",
  "price": "0",
  "specialization": "Kardiologija",
  "approved": true,
  "deleted": false,
  "__v": 0
},
{
  "_id": {
    "$oid": "64fa0f9ff5f96964012d1b35"
  },
  "name": "Dug Pregled 24h",
  "length": "1440",
  "price": "1",
  "specialization": "Kardiologija",
  "approved": true,
  "deleted": false,
  "__v": 0
},
{
  "_id": {
    "$oid": "64fb325ac854213e38750c71"
  },
  "name": "Mamografija",
  "length": "160",
  "price": "20000",
  "specialization": "Radiologija",
  "approved": true,
  "deleted": false,
  "__v": 0
},
{
  "_id": {
    "$oid": "64fb3515c854213e38750cdc"
  },
  "name": "Pregled abdomena",
  "length": "30",
  "price": "500",
  "specialization": "Opsta Hirurgija",
  "approved": true,
  "deleted": false,
  "__v": 0
},
{
  "_id": {
    "$oid": "64fb3559c854213e38750cdf"
  },
  "name": "Operacija slepog creva",
  "length": "160",
  "price": "30000",
  "specialization": "Opsta Hirurgija",
  "approved": true,
  "deleted": false,
  "__v": 0
},
{
  "_id": {
    "$oid": "6509598a5e1dde3865586a5f"
  },
  "name": "MRI",
  "length": "20",
  "price": "2000",
  "specialization": "Neurologija",
  "approved": false,
  "deleted": false,
  "__v": 0
}]