[{
  "_id": {
    "$oid": "64f303f33df0bf2170be068e"
  },
  "name": "Kardiologija"
},
{
  "_id": {
    "$oid": "64f304013df0bf2170be068f"
  },
  "name": "Neurologija"
},
{
  "_id": {
    "$oid": "64f304313df0bf2170be0691"
  },
  "name": "Onkologija"
},
{
  "_id": {
    "$oid": "64f3049f3df0bf2170be0692"
  },
  "name": "Infektologija"
},
{
  "_id": {
    "$oid": "64f304d83df0bf2170be0693"
  },
  "name": "Opsta Hirurgija"
},
{
  "_id": {
    "$oid": "64f3052e3df0bf2170be0695"
  },
  "name": "Radiologija"
},
{
  "_id": {
    "$oid": "64f305593df0bf2170be0696"
  },
  "name": "Oftamologija"
},
{
  "_id": {
    "$oid": "64fb2b5cc854213e38750c3c"
  },
  "name": "Psihijatrija",
  "__v": 0
}]