[{
  "_id": {
    "$oid": "64f312593df0bf2170be06a1"
  },
  "name": "Radiologija"
},
{
  "_id": {
    "$oid": "64f312643df0bf2170be06a2"
  },
  "name": "Hirurgija"
},
{
  "_id": {
    "$oid": "64f312703df0bf2170be06a3"
  },
  "name": "Urgentni centar"
},
{
  "_id": {
    "$oid": "64f3127e3df0bf2170be06a4"
  },
  "name": "Ambulanta"
},
{
  "_id": {
    "$oid": "64f4a49496fc018e31eff27d"
  },
  "name": "Neurologija"
},
{
  "_id": {
    "$oid": "64f4a4a796fc018e31eff280"
  },
  "name": "Oftamologija"
},
{
  "_id": {
    "$oid": "64f4a4bc96fc018e31eff283"
  },
  "name": "Onkologija"
},
{
  "_id": {
    "$oid": "64fb2c0e7c2f212e4db5017c"
  },
  "name": "Kardiologija"
}]