[{
  "_id": {
    "$oid": "64d77f6cec16281473c2a2ac"
  },
  "type": 0,
  "username": "admin",
  "password": "admin",
  "firstname": null,
  "lastname": null,
  "address": null,
  "phone_number": null,
  "email": null,
  "license_number": null,
  "specialization": null,
  "department": null,
  "approved": true
},
{
  "_id": {
    "$oid": "64f49f5bb84cb64b52d23e7f"
  },
  "type": 1,
  "username": "PeraDoktor",
  "password": "Limunada123_",
  "firstname": "Pera",
  "lastname": "Peric",
  "address": "Adresa 123",
  "phone_number": "0987654322",
  "email": "peraperic@gmail.com",
  "pfp": "1693851794637.png",
  "license_number": "1236",
  "specialization": "Kardiologija",
  "department": "Hirurgija",
  "approved": true,
  "considered": true,
  "appointment_types": [
    "Postavljanje EKG-a",
    "Dug Pregled 24h",
    "Ultrazvucna Dijagnositka",
    "Skidanje EKG-a"
  ],
  "__v": 0
},
{
  "_id": {
    "$oid": "64f4a1a9b84cb64b52d23e8f"
  },
  "type": 1,
  "username": "MarkoDoktor",
  "password": "Limunada123_",
  "firstname": "Marko",
  "lastname": "Markic",
  "address": "Adresa 1225",
  "phone_number": "0987654321",
  "email": "marko@gmail.com",
  "pfp": "defaultPfp.jpeg",
  "license_number": "1232",
  "specialization": "Radiologija",
  "department": "Ambulanta",
  "approved": true,
  "considered": true,
  "appointment_types": [],
  "__v": 0
},
{
  "_id": {
    "$oid": "64f60408b729d88e84c3cb5f"
  },
  "type": 2,
  "username": "VladaA9",
  "password": "Limunada123_",
  "firstname": "Vlada",
  "lastname": "Krstic",
  "address": "Ljubomira Kovacevica 12/16",
  "phone_number": "+381 612062997",
  "email": "vlada01a@gmail.com",
  "pfp": "1693844488203.png",
  "license_number": null,
  "specialization": null,
  "department": null,
  "approved": true,
  "considered": true,
  "__v": 0
},
{
  "_id": {
    "$oid": "64f6065bb729d88e84c3cb6e"
  },
  "type": 2,
  "username": "Zveki",
  "password": "Zveki70*",
  "firstname": "Zvezdana",
  "lastname": "Stjepanovic",
  "address": "Ljubomira Kovacevica 12",
  "phone_number": "0616139910",
  "email": "zvezdana.stjepanovic@gmail.com",
  "pfp": "1695039795118.png",
  "license_number": null,
  "specialization": null,
  "department": null,
  "approved": true,
  "considered": true,
  "__v": 0
},
{
  "_id": {
    "$oid": "64f60fa76c62485c5795f4f9"
  },
  "type": 2,
  "username": "Jelena",
  "password": "Limunada234_",
  "firstname": "Jelebruh",
  "lastname": "Krstić",
  "address": "Ulica 1234",
  "phone_number": "061310987222",
  "email": "jelena1234@gmail.com",
  "pfp": "1694185539282.png",
  "license_number": null,
  "specialization": null,
  "department": null,
  "approved": true,
  "considered": true,
  "__v": 0
},
{
  "_id": {
    "$oid": "64fb33f3c854213e38750ca1"
  },
  "type": 1,
  "username": "Ceda",
  "password": "Limunada123_",
  "firstname": "Čedomir",
  "lastname": "Vuković",
  "address": "Čedina ulica 12/34",
  "phone_number": "0995679843",
  "email": "cedomir@gmail.com",
  "pfp": "defaultPfp.jpeg",
  "license_number": "1111",
  "specialization": "Opsta Hirurgija",
  "department": "Hirurgija",
  "approved": true,
  "considered": true,
  "appointment_types": [
    "Operacija slepog creva",
    "Pregled abdomena"
  ],
  "__v": 0
},
{
  "_id": {
    "$oid": "6509591a5e1dde3865586a4e"
  },
  "type": 2,
  "username": "IvanaPacijent",
  "password": "Limunada123_",
  "firstname": "Ivana",
  "lastname": "Ivančić",
  "address": "Adresa 321",
  "phone_number": "+381 1234566",
  "email": "ivana@gmail.com",
  "pfp": "defaultPfp.jpeg",
  "license_number": null,
  "specialization": null,
  "department": null,
  "approved": false,
  "considered": false,
  "appointment_types": [],
  "__v": 0
}]