[{
  "_id": {
    "$oid": "64f9bfffdf2622d8d8371bdb"
  },
  "patient": "VladaA9",
  "patient_firstname": "Vlada",
  "patient_lastname": "Krstic",
  "doctor": "PeraDoktor",
  "doctor_firstname": "Pera",
  "doctor_lastname": "Peric",
  "appointment_type": "Ultrazvucna Dijagnositka",
  "department": "Hirurgija",
  "start_date_and_time": {
    "$date": "2023-09-30T14:20:00.000Z"
  },
  "end_date_and_time": {
    "$date": "2023-09-30T14:50:00.000Z"
  },
  "performed": false,
  "canceled": false,
  "cancel_reason": "",
  "__v": 0
},
{
  "_id": {
    "$oid": "64f9dcc4636b1d0671068f3c"
  },
  "patient": "VladaA9",
  "patient_firstname": "Vlada",
  "patient_lastname": "Krstic",
  "doctor": "PeraDoktor",
  "doctor_firstname": "Pera",
  "doctor_lastname": "Peric",
  "appointment_type": "Postavljanje EKG-a",
  "department": "Hirurgija",
  "start_date_and_time": {
    "$date": "2023-09-28T12:15:00.000Z"
  },
  "end_date_and_time": {
    "$date": "2023-09-28T12:45:00.000Z"
  },
  "performed": false,
  "canceled": true,
  "cancel_reason": "Pacijent",
  "__v": 0
},
{
  "_id": {
    "$oid": "64fa1025f5f96964012d1b55"
  },
  "patient": "VladaA9",
  "patient_firstname": "Vlada",
  "patient_lastname": "Krstic",
  "doctor": "PeraDoktor",
  "doctor_firstname": "Pera",
  "doctor_lastname": "Peric",
  "appointment_type": "Dug Pregled",
  "department": "Hirurgija",
  "start_date_and_time": {
    "$date": "2023-09-07T20:00:00.000Z"
  },
  "end_date_and_time": {
    "$date": "2023-09-08T20:00:00.000Z"
  },
  "performed": true,
  "canceled": false,
  "__v": 0
},
{
  "_id": {
    "$oid": "64fb36cdc854213e38750d31"
  },
  "patient": "Jelena",
  "patient_firstname": "Jelebruh",
  "patient_lastname": "Krstic",
  "doctor": "PeraDoktor",
  "doctor_firstname": "Pera",
  "doctor_lastname": "Peric",
  "appointment_type": "Ultrazvucna Dijagnositka",
  "department": "Hirurgija",
  "start_date_and_time": {
    "$date": "2023-10-31T21:00:00.000Z"
  },
  "end_date_and_time": {
    "$date": "2023-10-31T21:30:00.000Z"
  },
  "performed": false,
  "canceled": true,
  "__v": 0,
  "cancel_reason": "razlog je nesto"
},
{
  "_id": {
    "$oid": "64fb3991c854213e38750db3"
  },
  "patient": "Jelena",
  "patient_firstname": "Jelebruh",
  "patient_lastname": "Krstić",
  "doctor": "Ceda",
  "doctor_firstname": "Čedomir",
  "doctor_lastname": "Vuković",
  "appointment_type": "Pregled abdomena",
  "department": "Hirurgija",
  "start_date_and_time": {
    "$date": "2023-10-23T22:11:00.000Z"
  },
  "end_date_and_time": {
    "$date": "2023-10-23T22:41:00.000Z"
  },
  "performed": false,
  "canceled": false,
  "__v": 0,
  "cancel_reason": "Boleo me stomak"
},
{
  "_id": {
    "$oid": "65095a2d5e1dde3865586a9d"
  },
  "patient": "VladaA9",
  "patient_firstname": "Vlada",
  "patient_lastname": "Krstic",
  "doctor": "PeraDoktor",
  "doctor_firstname": "Pera",
  "doctor_lastname": "Peric",
  "appointment_type": "Dug Pregled 24h",
  "department": "Hirurgija",
  "start_date_and_time": {
    "$date": "2023-09-21T00:00:00.000Z"
  },
  "end_date_and_time": {
    "$date": "2023-09-22T00:00:00.000Z"
  },
  "performed": false,
  "canceled": false,
  "__v": 0
},
{
  "_id": {
    "$oid": "65095aa85e1dde3865586ac8"
  },
  "patient": "VladaA9",
  "patient_firstname": "Vlada",
  "patient_lastname": "Krstic",
  "doctor": "PeraDoktor",
  "doctor_firstname": "Pera",
  "doctor_lastname": "Peric",
  "appointment_type": "Skidanje EKG-a",
  "department": "Hirurgija",
  "start_date_and_time": {
    "$date": "2023-09-20T05:24:00.000Z"
  },
  "end_date_and_time": {
    "$date": "2023-09-20T05:54:00.000Z"
  },
  "performed": false,
  "canceled": true,
  "__v": 0,
  "cancel_reason": "Nemam vremena"
},
{
  "_id": {
    "$oid": "65095be25e1dde3865586b0b"
  },
  "patient": "VladaA9",
  "patient_firstname": "Vlada",
  "patient_lastname": "Krstic",
  "doctor": "PeraDoktor",
  "doctor_firstname": "Pera",
  "doctor_lastname": "Peric",
  "appointment_type": "Postavljanje EKG-a",
  "department": "Hirurgija",
  "start_date_and_time": {
    "$date": "2023-09-19T10:45:00.000Z"
  },
  "end_date_and_time": {
    "$date": "2023-09-19T11:15:00.000Z"
  },
  "performed": false,
  "canceled": false,
  "__v": 0
},
{
  "_id": {
    "$oid": "65095cc95e1dde3865586b20"
  },
  "patient": "VladaA9",
  "patient_firstname": "Vlada",
  "patient_lastname": "Krstic",
  "doctor": "PeraDoktor",
  "doctor_firstname": "Pera",
  "doctor_lastname": "Peric",
  "appointment_type": "Dug Pregled 24h",
  "department": "Hirurgija",
  "start_date_and_time": {
    "$date": "2023-09-22T10:33:00.000Z"
  },
  "end_date_and_time": {
    "$date": "2023-09-23T10:33:00.000Z"
  },
  "performed": false,
  "canceled": false,
  "__v": 0
},
{
  "_id": {
    "$oid": "650963f3da8e2bf56d91f509"
  },
  "patient": "VladaA9",
  "patient_firstname": "Vlada",
  "patient_lastname": "Krstic",
  "doctor": "Ceda",
  "doctor_firstname": "Čedomir",
  "doctor_lastname": "Vuković",
  "appointment_type": "Operacija slepog creva",
  "department": "Hirurgija",
  "start_date_and_time": {
    "$date": "2023-10-01T11:00:00.000Z"
  },
  "end_date_and_time": {
    "$date": "2023-10-01T13:40:00.000Z"
  },
  "performed": false,
  "canceled": false,
  "__v": 0
}]